loss,mape,val_loss,val_mape
0.1709267944097519,1751815.875,0.07952532172203064,976.3409423828125
0.06914075464010239,1154798.625,0.04048861935734749,682.9793701171875
0.0442991741001606,856958.875,0.03161138668656349,523.1546020507812
0.03636075556278229,745711.75,0.029218610376119614,465.0024719238281
0.03307376056909561,676027.8125,0.02582605928182602,441.0395202636719
0.029939230531454086,596406.125,0.021683456376194954,383.8750915527344
0.02420208230614662,555201.3125,0.017169084399938583,340.1094970703125
0.0193414818495512,441862.90625,0.013252469711005688,285.9601135253906
0.01567160151898861,440551.5,0.01056898944079876,231.12327575683594
0.012442508712410927,406046.0625,0.007241406477987766,213.2700653076172
0.010128233581781387,376100.96875,0.005686105228960514,183.014892578125
0.008882354944944382,354301.46875,0.006758089642971754,195.316162109375
0.008576047606766224,248911.59375,0.0063356938771903515,143.5225067138672
0.008418816141784191,307473.28125,0.004766243975609541,156.46841430664062
0.007729305885732174,227613.921875,0.004682883620262146,148.61090087890625
0.007599202450364828,205352.71875,0.007702297996729612,123.16614532470703
0.007200651802122593,275399.34375,0.004518438130617142,131.1810302734375
0.007050853222608566,233885.125,0.005287212785333395,121.63877868652344
0.006840378511697054,326724.46875,0.00569988414645195,120.7556381225586
0.006532242521643639,256901.125,0.004875554703176022,118.20553588867188
0.006543641444295645,242430.484375,0.003959666006267071,126.02867126464844
0.006424471735954285,257525.59375,0.004035531543195248,113.86722564697266
0.006070716306567192,225974.609375,0.0041582477279007435,126.21913146972656
0.005871645174920559,288524.75,0.004722265526652336,100.19017028808594
0.005360911600291729,208139.046875,0.005753194913268089,95.16366577148438
0.005613261368125677,261508.21875,0.003925183322280645,102.94236755371094
0.005244942847639322,233217.546875,0.0037264551501721144,114.46118927001953
0.005197680555284023,199519.40625,0.0038739810697734356,108.8936996459961
0.004961151629686356,221936.984375,0.004062272608280182,90.44457244873047
0.00489314179867506,204093.828125,0.004162418190389872,116.01416778564453
0.004760267212986946,214996.703125,0.004315250087529421,80.09991455078125
0.0048524243757128716,169601.796875,0.0036075906828045845,100.65486145019531
0.00472852261736989,216447.75,0.003430443350225687,93.8603286743164
0.004610107745975256,196663.390625,0.003883171360939741,97.6777572631836
0.004619533196091652,183598.328125,0.003803597530350089,93.80944061279297
0.004488750360906124,173817.53125,0.0038654692471027374,72.182373046875
0.00447602104395628,219295.421875,0.004361184313893318,68.99210357666016
0.004408476408571005,210457.09375,0.004238899331539869,68.5116195678711
0.004322128836065531,260906.328125,0.004288915079087019,65.73429870605469
0.004248742014169693,181061.390625,0.004670805763453245,63.80350875854492
0.004311535507440567,216050.015625,0.00387488747946918,64.03624725341797
0.004109219182282686,165841.109375,0.0035095775965601206,78.10227966308594
0.004073711112141609,146876.34375,0.0035886492114514112,84.50004577636719
0.0040115779265761375,185741.265625,0.0033681336790323257,80.89617156982422
0.0040585012175142765,153584.859375,0.003791417460888624,87.47730255126953
0.003981884103268385,131999.921875,0.0031950941774994135,60.901302337646484
0.003790393006056547,196562.953125,0.0033046724274754524,69.0227279663086
0.003817594377323985,180402.3125,0.003234528936445713,62.28614044189453
0.003939539194107056,128113.2109375,0.003423819551244378,66.03106689453125
0.003800412407144904,199167.59375,0.003337469417601824,58.26038360595703
0.0037909490056335926,164159.734375,0.003727114759385586,79.30551147460938
0.0037510902620851994,144277.40625,0.003338155336678028,53.37826919555664
0.003859493648633361,170932.625,0.0032797539606690407,67.90445709228516
0.0035846189130097628,162978.46875,0.0030861033592373133,54.784603118896484
0.003723056986927986,167859.609375,0.0030934575479477644,58.42833709716797
0.003673146478831768,170796.40625,0.003485708497464657,50.49361801147461
0.0035778109449893236,134291.546875,0.003650014055892825,62.19686508178711
0.0037129109259694815,155717.703125,0.003396345768123865,45.019081115722656
0.003590882522985339,160212.3125,0.0039480309933424,43.05196762084961
0.003703188383951783,149203.078125,0.0031981556676328182,55.329532623291016
0.0034295700024813414,165867.515625,0.0030720450449734926,47.02225875854492
0.00367950601503253,167337.015625,0.003477322170510888,56.938941955566406
0.003642626339569688,146544.109375,0.003910081926733255,41.27649688720703
0.003611622378230095,131458.65625,0.0031576799228787422,46.08302307128906
0.003625629236921668,181405.234375,0.0032365508377552032,48.416046142578125
0.003558032913133502,166893.640625,0.0034445375204086304,63.39753341674805
0.0034683786798268557,126518.390625,0.0031342608854174614,42.43781661987305
0.0034076133742928505,136771.0,0.0032619712874293327,45.23674392700195
0.0035926103591918945,136607.140625,0.0035151559859514236,42.11145782470703
0.0035386544186621904,135522.90625,0.003332625376060605,63.60329818725586
0.0034646776039153337,133104.296875,0.003509598784148693,39.83241653442383
0.0034411964006721973,156796.921875,0.004449822008609772,36.735599517822266
0.003593209432438016,133149.375,0.003687207819893956,66.39010620117188
0.0034453915432095528,158670.5625,0.003419006010517478,38.99449157714844
0.0034470586106181145,162425.65625,0.00349804456345737,37.0107536315918
0.003557194024324417,207802.53125,0.003368374891579151,58.99353790283203
0.0034478039015084505,174762.28125,0.0030968438368290663,44.28962707519531
0.0034674585331231356,165699.609375,0.0032833607401698828,41.78139877319336
0.0034708098974078894,149246.578125,0.003799250116571784,37.6047477722168
0.003499140264466405,161508.6875,0.0030545531772077084,40.68195343017578
0.0034548083785921335,129385.609375,0.004305664915591478,34.56447219848633
0.0034692371264100075,116560.2421875,0.0038333770353347063,35.78956985473633
0.0035173282958567142,129843.9296875,0.0034847320057451725,37.538265228271484
0.0033715052995830774,148926.0,0.0031358811538666487,42.52445983886719
0.003414265811443329,164074.484375,0.0032615610398352146,35.09605026245117
0.003337003057822585,123658.6015625,0.00344875268638134,54.55238342285156
0.003488622372969985,120987.421875,0.0033219836186617613,53.26239776611328
0.003554705996066332,144009.890625,0.003524861065670848,54.88687515258789
0.0035115606151521206,131350.4375,0.003327370388433337,43.76769256591797
0.003499354002997279,151154.515625,0.0031819252762943506,38.67612075805664
0.0034271159674972296,136932.109375,0.0031814042013138533,35.52167892456055
0.0034520872868597507,120955.8828125,0.0032879335340112448,53.00859451293945
0.003415853949263692,171302.796875,0.003143490059301257,46.67540740966797
0.003404272487387061,152468.140625,0.0031426968052983284,47.133148193359375
0.003402563277631998,146315.9375,0.0032623105216771364,47.83401107788086
0.0034779852721840143,147655.0625,0.0033353911712765694,43.38597106933594
0.0033431276679039,138179.125,0.003731513163074851,33.720680236816406
0.0033785600680857897,147128.71875,0.003695480292662978,32.5102424621582
0.003330303356051445,147592.109375,0.003368938574567437,33.70296096801758
0.003443886758759618,143760.234375,0.0034609732683748007,41.430423736572266
0.0034292081836611032,150791.359375,0.003465206129476428,47.99559783935547
0.0034169356804341078,135147.5625,0.003354406915605068,44.075382232666016
0.003434969112277031,134921.109375,0.0033075446262955666,41.59183883666992
0.003479565726593137,126842.8046875,0.0032403101213276386,36.37428283691406
0.003337845206260681,117084.0546875,0.0030965262558311224,34.100215911865234
0.0034243741538375616,109998.3046875,0.003332445165142417,49.02519226074219
0.0033635387662798166,134369.234375,0.003264704719185829,35.86026382446289
0.003394189290702343,140961.5,0.0033003082498908043,47.541648864746094
0.0034341078717261553,161852.78125,0.003111937316134572,34.23756408691406
0.0033447379246354103,147073.71875,0.0033462916035205126,46.452125549316406
0.0034038128796964884,127320.8046875,0.003299333620816469,54.40140914916992
0.003321911208331585,134264.34375,0.003420463763177395,32.827880859375
0.0033974298276007175,127643.1171875,0.003289948683232069,35.59295654296875
0.0032899074722081423,131966.109375,0.0032613580115139484,34.35837936401367
0.0032451048027724028,127130.9296875,0.003151465207338333,39.6081428527832
0.0033471332862973213,163941.28125,0.0030730445869266987,33.37201690673828
0.00337746343575418,129007.6875,0.0032241372391581535,47.09501647949219
0.003368706675246358,108379.265625,0.0031655209604650736,44.89388656616211
0.0033568700309842825,152787.328125,0.0033384892158210278,35.68877410888672
0.003373438725247979,146464.171875,0.0033862697891891003,35.90813064575195
0.0033092834055423737,143381.71875,0.0033626605290919542,31.38678741455078
0.003291226690635085,145165.28125,0.003851930610835552,32.66041564941406
0.0033866972662508488,133925.265625,0.0033488734625279903,46.84285354614258
0.0032554022036492825,147132.875,0.0035650546196848154,32.803707122802734
0.0033121812157332897,116250.0,0.0031982383225113153,43.96025848388672
0.003284446895122528,157791.078125,0.0031878009904175997,40.40163803100586
0.0032817726023495197,146065.40625,0.0034394487738609314,32.18421936035156
0.003286406397819519,129251.1484375,0.0032498654909431934,37.62986755371094
0.0032690358348190784,144923.484375,0.0031732525676488876,35.37035369873047
0.0032869235146790743,119913.3984375,0.0031061945483088493,40.33515930175781
0.00336273736320436,130313.7265625,0.00353903416544199,33.56494903564453
0.003253940725699067,122020.65625,0.0035572145134210587,30.408124923706055
0.003336029825732112,148453.6875,0.003095216816291213,36.241607666015625
0.003340988652780652,140453.09375,0.0036540667060762644,31.430749893188477
0.0033073280937969685,127980.7421875,0.0036170403473079205,57.0982780456543
0.0032515411730855703,146433.890625,0.0031772861257195473,40.362857818603516
0.003389975056052208,117699.7734375,0.003235521959140897,39.52267837524414
0.003295209724456072,141212.203125,0.0032634870149195194,33.4685173034668
0.003241140628233552,153660.46875,0.003739283885806799,30.319440841674805
0.0032806226518005133,115476.4921875,0.003275876631960273,30.087186813354492
0.0032724954653531313,118967.578125,0.003177892416715622,38.8366813659668
0.003316431073471904,117489.015625,0.003983586560934782,30.436716079711914
0.003307811450213194,149326.953125,0.003317392198368907,52.96078872680664
0.0032551863696426153,125837.8515625,0.003662474686279893,30.101959228515625
0.003277453361079097,124283.5,0.003115542698651552,31.77879524230957
0.003268094966188073,149631.625,0.003952060826122761,53.56450653076172
0.0033357180655002594,131138.984375,0.0034080659970641136,29.83194923400879
0.0033134084660559893,125285.4296875,0.003064374905079603,36.90157699584961
0.0032515430357307196,125098.984375,0.0034033115953207016,63.080726623535156
0.003205585526302457,134837.984375,0.003193480893969536,31.653268814086914
0.003191678086295724,154315.765625,0.0031906371004879475,45.85591506958008
0.003297861199826002,144999.25,0.003190691350027919,45.28954315185547
0.0032188978511840105,115179.890625,0.0036882618442177773,29.858375549316406
0.0031714867800474167,119169.578125,0.0030614107381552458,31.857412338256836
0.003163801971822977,139237.578125,0.00341996131464839,30.02393913269043
0.0033138678409159184,126432.828125,0.0030034463852643967,31.733366012573242
0.003212032839655876,132789.078125,0.0037659741938114166,33.53483200073242
0.003353097243234515,131138.875,0.003096546744927764,38.634586334228516
0.0032353803981095552,160959.203125,0.0035865046083927155,29.619216918945312
0.00323884142562747,131452.390625,0.0030826223082840443,37.85868453979492
0.003280636155977845,126683.171875,0.003263767110183835,32.5925178527832
0.0032289959490299225,133762.5,0.003203956177458167,33.54364776611328
0.003221869235858321,132859.09375,0.0032645175233483315,30.60309600830078
0.003202875843271613,136535.109375,0.003316938178613782,30.841354370117188
0.0032586604356765747,144079.109375,0.003038267372176051,31.489925384521484
0.003266052110120654,152937.78125,0.0035299966111779213,29.5494384765625
0.003346333047375083,94632.8828125,0.00315722799859941,46.877891540527344
0.0032999147661030293,133914.03125,0.003089101519435644,30.101417541503906
0.003241458674892783,143887.640625,0.003106596413999796,41.866756439208984
0.0032623421866446733,120805.4296875,0.0030807959847152233,30.14548110961914
0.003165361238643527,131104.03125,0.003200508886948228,33.43678665161133
0.003122336696833372,127738.3984375,0.0030087726190686226,30.851612091064453
0.0031831220258027315,124535.75,0.0032147178426384926,36.14215087890625
0.0032790605910122395,136580.4375,0.003088051686063409,44.20889663696289
0.0031814626418054104,122140.6640625,0.0036203900817781687,29.992462158203125
0.0032584615983068943,145315.578125,0.0032285817433148623,44.61064529418945
0.0031875791028141975,135100.578125,0.003029492450878024,30.75499153137207
0.0032050744630396366,119090.3203125,0.003445705631747842,30.151430130004883
0.0032199318520724773,142909.4375,0.0030211738776415586,36.31482696533203
0.003193214535713196,124325.6875,0.003635360160842538,29.286457061767578
0.0031777950935065746,110507.21875,0.003244056599214673,34.13808822631836
0.003277482697740197,92265.28125,0.0030077809933573008,44.83339309692383
0.003220764920115471,154969.578125,0.003108914475888014,47.171653747558594
0.0032133590430021286,125526.4296875,0.00295273563824594,31.974403381347656
0.0032100852113217115,114409.1171875,0.003117041429504752,39.76128387451172
0.003207717090845108,120970.5546875,0.0032610385678708553,29.405988693237305
0.003118464956060052,117930.1875,0.0031924389768391848,38.29331588745117
0.0031575795728713274,113333.34375,0.0030457372777163982,29.333444595336914
0.0032358078751713037,124616.140625,0.00316752796061337,42.85712814331055
0.0031764660961925983,139088.109375,0.0030650736298412085,29.7273006439209
0.0032022285740822554,120475.296875,0.0031039488967508078,35.04844665527344
0.003263948718085885,120960.7109375,0.0030613208655267954,46.002838134765625
0.0031496686860919,124667.734375,0.003752731718122959,29.243432998657227
0.003204104257747531,132701.125,0.003262599930167198,31.40937042236328
0.003161084372550249,119752.4296875,0.003281719982624054,52.318973541259766
0.003162345150485635,129972.0546875,0.0030223613139241934,37.6107063293457
0.0032562671694904566,122575.390625,0.003089004894718528,29.063390731811523
0.0031470393296331167,97982.6953125,0.0031479327008128166,29.49433708190918
0.003183560213074088,155733.828125,0.0032521220855414867,29.203096389770508
0.003213118063285947,117769.2265625,0.002969116671010852,30.912994384765625
0.0031821446027606726,113005.1171875,0.0030974787659943104,30.522912979125977
0.0030850644689053297,115846.9296875,0.0029411267023533583,33.93133544921875
0.003176358062773943,131184.796875,0.003009961685165763,28.98064613342285
0.003143517067655921,146227.265625,0.0035096551291644573,36.7491340637207
0.0031662771943956614,123557.25,0.0031662292312830687,28.962976455688477
0.0032021678052842617,116426.0625,0.003492237301543355,29.28462791442871
0.0031371249351650476,155111.4375,0.0030504600144922733,33.92180633544922
0.0030978121794760227,111309.2890625,0.0034117246977984905,29.870811462402344
0.003196313511580229,123064.0546875,0.0031274750363081694,31.520465850830078
0.0031106325332075357,123674.2265625,0.0033140559680759907,30.256608963012695
0.0030897294636815786,124438.0234375,0.0033060505520552397,29.062097549438477
0.0030969837680459023,130641.7265625,0.0031056907027959824,39.06953430175781
0.003137764520943165,114842.7421875,0.0032259305007755756,44.720394134521484
0.0032101264223456383,118285.546875,0.0030457698740065098,39.09901809692383
0.0031245641876012087,121696.734375,0.003133543999865651,40.33306121826172
0.0031481345649808645,116156.9375,0.002979415701702237,38.98505783081055
0.003147725947201252,121709.0234375,0.0033142645843327045,45.52700424194336
0.0032038420904427767,128799.1953125,0.0034087139647454023,31.738170623779297
0.0031748793553560972,148497.28125,0.003142657922580838,45.09664535522461
0.003115351079031825,120295.34375,0.0029900067020207644,31.305774688720703
0.003161007072776556,141191.65625,0.002941119484603405,29.52028465270996
0.0030645059887319803,150497.34375,0.00302156456746161,37.12394332885742
0.0030682869255542755,153556.125,0.003347794758155942,59.52484130859375
0.0031690499745309353,122554.015625,0.0031729929614812136,30.31745147705078
0.003034714376553893,129735.671875,0.0028203423134982586,34.013641357421875
0.0030414292123168707,100894.3359375,0.0037155698519200087,28.774436950683594
0.0032450517173856497,118630.6171875,0.003118246328085661,33.047576904296875
0.0030655672308057547,160354.65625,0.00292636314406991,32.1126708984375
0.0030561627354472876,111494.5625,0.003616776317358017,28.641633987426758
0.003120782785117626,149075.96875,0.0036179968155920506,28.558597564697266
0.003108246950432658,128016.390625,0.0029342800844460726,38.25129318237305
0.0030499028507620096,133760.265625,0.0029861300718039274,36.87755584716797
0.003147142706438899,125826.734375,0.0029040721710771322,31.876176834106445
0.00308562396094203,129123.171875,0.002917134901508689,31.103073120117188
0.0032126964069902897,144446.03125,0.003136638319119811,47.90580368041992
0.003102534217759967,139436.328125,0.002955780131742358,29.192041397094727
0.003111626021564007,124124.890625,0.0031926834490150213,29.87140464782715
0.003079811343923211,122087.140625,0.0029619759880006313,30.01100730895996
0.003167929360643029,123973.7265625,0.003356628818437457,28.286415100097656
0.0031242677941918373,119943.1640625,0.0030833035707473755,28.91844367980957
0.003141083987429738,120456.8671875,0.0035296985879540443,28.358810424804688
0.0030826632864773273,122509.203125,0.0033043872099369764,28.324386596679688
0.003058620262891054,110734.453125,0.0032714130356907845,30.179550170898438
0.003149486379697919,122615.828125,0.0029069085139781237,30.774742126464844
0.003054148517549038,117349.453125,0.0029534678906202316,36.96553039550781
0.0031072748824954033,140765.015625,0.0032500121742486954,53.96417999267578
0.00311084371060133,128974.703125,0.0030951774679124355,39.44902801513672
0.0031267700251191854,135690.171875,0.0028826696798205376,35.08564758300781
0.0030819308012723923,103255.25,0.0036738303024321795,28.435169219970703
0.0030501927249133587,110364.203125,0.0029710123781114817,28.293912887573242
0.003132948186248541,119939.5390625,0.0036445932928472757,28.290218353271484
0.0031115510500967503,108008.3515625,0.003158636623993516,28.070491790771484
0.003023723838850856,127851.9375,0.0029464419931173325,31.924461364746094
0.0030887059401720762,151306.046875,0.0031798582058399916,38.164329528808594
0.0030740119982510805,135365.0625,0.002978374483063817,28.42975616455078
0.003023697528988123,124323.171875,0.00295553682371974,31.531789779663086
0.0030919527634978294,112186.171875,0.0028524065855890512,30.643526077270508
0.003024766454473138,133296.453125,0.0031675840727984905,28.076810836791992
0.003063176292926073,121672.390625,0.003000186290591955,31.722492218017578
0.0031765552703291178,119703.15625,0.0030795768834650517,28.06230354309082
0.0030951029621064663,133922.734375,0.0031283386051654816,41.79191970825195
0.0030379246454685926,179086.765625,0.0030913655646145344,41.74494552612305
0.0031248917803168297,99802.671875,0.002918781479820609,48.856712341308594
0.003054097993299365,112266.1484375,0.002850604709237814,30.554841995239258
0.003066206118091941,148857.375,0.0030277534388005733,32.3560791015625
0.0030303499661386013,102931.375,0.0028355682734400034,35.64398193359375
0.00306793674826622,125618.734375,0.0028968716505914927,28.494497299194336
0.0030208707321435213,119390.6875,0.00282877404242754,33.02192687988281
0.0030343716498464346,123047.796875,0.002816719701513648,37.01133346557617
0.0030033160001039505,116651.78125,0.003106666961684823,53.92250442504883
0.0030150199308991432,119835.28125,0.003634638851508498,28.223859786987305
0.003116056090220809,117959.0703125,0.002861837623640895,29.572763442993164
0.0030420490074902773,145964.78125,0.0029581072740256786,46.99784851074219
0.00304201222024858,134848.1875,0.0030759682413190603,27.773258209228516
0.0029993513599038124,139076.6875,0.0031968916300684214,32.38777542114258
0.0030099644791334867,112222.3984375,0.0028536180034279823,27.781702041625977
0.003018368035554886,104649.15625,0.002761489013209939,35.466312408447266
0.0030165258795022964,115591.359375,0.002847270341590047,44.932552337646484
0.003026270307600498,160362.359375,0.002739829011261463,38.28483963012695
0.0029892700258642435,125455.015625,0.0028630318120121956,33.05894470214844
0.0029687918722629547,133095.5,0.002959864679723978,27.735492706298828
0.003063590032979846,98961.3203125,0.002733104396611452,29.651432037353516
0.0030655693262815475,123913.3828125,0.00293301441706717,35.374671936035156
0.0030038158874958754,127220.65625,0.0031391577795147896,28.333141326904297
0.0029909247532486916,139597.421875,0.0032018045894801617,28.06039047241211
0.0030755249317735434,109497.8203125,0.0032865528482943773,32.83185577392578
0.00306278676725924,167194.859375,0.0028318751137703657,42.17966842651367
0.002976048272103071,128039.3984375,0.0030028594192117453,43.32860565185547
0.003054745262488723,132047.796875,0.003346875309944153,28.683521270751953
0.0030756948981434107,135757.703125,0.0028398209251463413,35.46534729003906
0.0029802508652210236,126624.8125,0.002883628010749817,41.6740837097168
0.003065289231017232,115837.15625,0.002964704530313611,46.724361419677734
0.0029828185215592384,138733.015625,0.0029005385003983974,36.16414260864258
0.0030253988225013018,131112.1875,0.002993953414261341,29.88397216796875
0.002940703183412552,134654.90625,0.002943185390904546,39.53546142578125
0.0029823733493685722,110085.03125,0.0028713205829262733,27.86971664428711
0.002888329792767763,116308.5703125,0.0029234455432742834,30.358585357666016
0.0030511459335684776,136337.78125,0.002828666940331459,28.71344757080078
0.002965399529784918,144899.5,0.002653189469128847,30.077646255493164
0.002929785056039691,118080.75,0.003123059868812561,28.531187057495117
0.0030736143235117197,114084.015625,0.002898608334362507,34.21731185913086
0.0029007834382355213,123568.03125,0.002736083697527647,34.07861328125
0.0030229552648961544,115436.921875,0.002960596000775695,27.5227108001709
0.002882522763684392,137255.046875,0.0029906118288636208,27.734392166137695
0.002941000508144498,109856.421875,0.0027957975398749113,27.860414505004883
0.0029681813903152943,126039.453125,0.0030080454889684916,31.05594825744629
0.002935746917501092,128585.046875,0.003142089582979679,28.184616088867188
0.0029191768262535334,125177.109375,0.0029041869565844536,27.469974517822266
0.0029477516654878855,112941.4921875,0.0027225958183407784,37.335594177246094
0.0029385050293058157,137208.046875,0.002731169806793332,27.96196937561035
0.0029902919195592403,139145.859375,0.002864801324903965,28.164413452148438
0.003018645802512765,112022.390625,0.002936581615358591,27.8819580078125
0.002958735218271613,146004.296875,0.0030538607388734818,31.878293991088867
0.002861438784748316,127261.0546875,0.0030302361119538546,27.40627670288086
0.0029965159483253956,150427.5,0.0027464167214930058,27.95370864868164
0.0028560881037265062,139098.6875,0.002651505870744586,37.64093017578125
0.0029288872610777617,111724.1328125,0.0029220380820333958,42.55255126953125
0.0029910909943282604,118635.6171875,0.002770425984635949,37.10969924926758
0.002939785597845912,123992.0625,0.0031059947796165943,40.656742095947266
0.0029188424814492464,116375.75,0.00306646223179996,27.860698699951172
0.002989002503454685,124730.0703125,0.0030105533078312874,49.02614212036133
0.0028817499987781048,143974.78125,0.002743729390203953,34.63908004760742
0.002879227278754115,125255.9765625,0.0027074210811406374,31.249420166015625
0.002941060345619917,163083.03125,0.0035468440037220716,27.896991729736328
0.0030336850322782993,138997.984375,0.0027854242362082005,34.671932220458984
0.0029361085034906864,122976.234375,0.003465895773842931,28.203622817993164
0.0030024731531739235,133496.328125,0.0026703360490500927,28.44853401184082
0.002843378344550729,132650.765625,0.0026321702171117067,28.650239944458008
0.0028950045816600323,118679.5859375,0.0032837511971592903,27.671951293945312
0.0028664597775787115,125642.25,0.002974699018523097,44.18095397949219
0.0028871737886220217,120683.3046875,0.0026205803733319044,33.64698028564453
0.002850564196705818,132973.734375,0.0027602280024439096,32.590309143066406
0.0029704489279538393,112695.6796875,0.00279284012503922,41.564964294433594
0.0028703564312309027,123204.6484375,0.002772946609184146,27.291488647460938
0.0028376022819429636,116726.578125,0.0031330985948443413,27.173053741455078
0.0028776221442967653,112659.3828125,0.0030070890206843615,27.125459671020508
0.0029221810400485992,103517.4375,0.002864522160962224,28.95724105834961
0.0029251938685774803,128546.2578125,0.0026318919844925404,27.385177612304688
0.0028325675521045923,123341.578125,0.0025869454257190228,28.17157745361328
0.0028967030812054873,104635.265625,0.0026036237832158804,34.76677703857422
0.002809674246236682,115486.359375,0.0028087093960493803,27.15046501159668
0.0028445085044950247,139346.640625,0.0028483853675425053,42.437294006347656
0.0028509879484772682,105267.6328125,0.00266244076192379,34.200740814208984
0.0028791495133191347,114723.96875,0.002743970835581422,35.24256896972656
0.002786357421427965,145503.265625,0.0031780567951500416,27.39409637451172
0.002925357548519969,134737.734375,0.0026660144794732332,34.222938537597656
0.0028313160873949528,110749.265625,0.002612920943647623,27.49102783203125
0.002755513181909919,120381.9609375,0.002865040209144354,26.940441131591797
0.0027393721975386143,123640.609375,0.0025331235956400633,30.802318572998047
0.002870643511414528,102849.78125,0.0027184546925127506,29.156837463378906
0.0028533844742923975,143960.640625,0.0029183279257267714,26.997817993164062
0.002875568578019738,100674.8203125,0.0026187512557953596,27.0141544342041
0.0027859173715114594,112649.5859375,0.003090809565037489,55.33454895019531
0.0028270669281482697,126776.203125,0.002959667704999447,27.310470581054688
0.0028966236859560013,108889.4921875,0.0025711467023938894,32.464412689208984
0.0027919611893594265,114849.3125,0.0025335056707262993,36.973751068115234
0.0027879809495061636,139245.375,0.0027098909486085176,27.618146896362305
0.002864671405404806,112397.171875,0.0025719173718243837,27.07830810546875
0.002864067442715168,112861.2109375,0.002612148877233267,36.375362396240234
0.002762286923825741,136207.5,0.002672906732186675,26.977752685546875
0.00281687849201262,96805.875,0.0026153677608817816,31.685752868652344
0.002841297071427107,133055.765625,0.002599265892058611,28.119049072265625
0.0027958329301327467,125011.359375,0.0025468028616160154,30.832548141479492
0.0028539441991597414,137128.203125,0.002559602027758956,27.491302490234375
0.0028615014161914587,139471.703125,0.002516581444069743,27.478151321411133
0.0028234294150024652,121466.1953125,0.002738316310569644,27.888681411743164
0.0027836186345666647,114502.078125,0.0024968821089714766,37.53392791748047
0.00277035147882998,149831.984375,0.0028568904381245375,26.92564582824707
0.0028238631784915924,164868.703125,0.003131528152152896,27.53011703491211
0.0027453782968223095,120759.203125,0.0025256993249058723,41.302330017089844
0.002827538177371025,114148.21875,0.0030152013059705496,28.001379013061523
0.0028439166489988565,134591.75,0.0028010690584778786,39.14327621459961
0.0028358555864542723,110795.2109375,0.0027792470064014196,26.797048568725586
0.0029083252884447575,114270.1171875,0.0027294636238366365,27.109310150146484
0.002776877023279667,159527.515625,0.002888165647163987,49.72630310058594
0.0028188112191855907,143765.25,0.002535118255764246,31.380882263183594
0.002792057115584612,120066.46875,0.0028965380042791367,27.096542358398438
0.002783525036647916,115099.734375,0.002523476257920265,36.668251037597656
0.002754837041720748,127727.03125,0.0025623373221606016,26.719982147216797
0.002718572737649083,110703.609375,0.00248528691008687,47.024879455566406
0.0027618356980383396,149612.125,0.0024529509246349335,38.45402145385742
0.0027630513068288565,122009.4921875,0.002658950164914131,44.51357650756836
0.00279545527882874,121912.9921875,0.0027491687797009945,43.79851531982422
0.002693505259230733,108445.59375,0.0025888585951179266,55.281105041503906
0.002756176283583045,119847.3125,0.0027792928740382195,54.45769500732422
0.002763706026598811,122274.546875,0.0026050445158034563,34.140995025634766
0.0027033977676182985,140263.0,0.002527716802433133,30.478525161743164
0.0027962722815573215,122482.3046875,0.002471923129633069,28.112171173095703
0.0026969893369823694,143569.59375,0.002566863317042589,27.488285064697266
0.0028077573515474796,122113.6796875,0.0023475023917853832,31.03685760498047
0.0028206834103912115,101109.7109375,0.0027004238218069077,29.352800369262695
0.0027128239162266254,113272.84375,0.0027239529881626368,53.094993591308594
0.002773808315396309,124315.5,0.0024536007549613714,33.26768112182617
0.0027658354956656694,138581.203125,0.0025003235787153244,27.631914138793945
0.0026314856950193644,100582.1328125,0.002541989553719759,27.447059631347656
0.002721079159528017,134978.375,0.002406082581728697,27.84256362915039
0.0026815454475581646,111772.0078125,0.002436627633869648,27.051708221435547
0.002741382224485278,140542.234375,0.0025245817378163338,50.63126754760742
0.002720471005886793,133077.671875,0.0024146176874637604,39.5501823425293
0.0027712583541870117,110532.2734375,0.002568754367530346,31.587575912475586
0.002846598858013749,85536.46875,0.0023462793324142694,33.13481903076172
0.0026603431906551123,115398.515625,0.002443395322188735,27.895071029663086
0.002691141329705715,135147.40625,0.0024709978606551886,42.816097259521484
0.002648036228492856,114334.0859375,0.0023835652973502874,28.414730072021484
0.0026584549341350794,114861.71875,0.002395470393821597,29.3748722076416
0.002747576218098402,95694.125,0.0024062967859208584,35.573795318603516
0.0027056261897087097,127109.078125,0.002449006075039506,26.518672943115234
0.0027149757370352745,100503.984375,0.0023189245257526636,33.64550018310547
0.002744570840150118,139574.40625,0.0027210719417780638,32.11464309692383
0.0028502626810222864,127467.5859375,0.0024946127086877823,27.177038192749023
0.0026729977689683437,136472.59375,0.002412796253338456,27.06056022644043
0.002734818495810032,96451.765625,0.0025350633077323437,45.17764663696289
0.002630464732646942,135458.390625,0.002465238329023123,43.1245002746582
0.002664306666702032,165303.921875,0.003027355996891856,27.42544174194336
0.002725990256294608,121709.4453125,0.0025497160386294127,26.736757278442383
0.0027097801212221384,121584.6640625,0.0023441945668309927,32.89571762084961
0.0027406264562159777,134408.609375,0.002278922125697136,26.677169799804688
0.0027395705692470074,110870.25,0.002327871276065707,26.815092086791992
0.0026701970491558313,107621.1015625,0.002237854525446892,27.66483497619629
0.002711821347475052,108792.0390625,0.002464273478835821,48.434837341308594
0.0026257059071213007,123184.8984375,0.002937701065093279,26.5604248046875
0.002743254415690899,135999.515625,0.0023348501417785883,27.91680908203125
0.0026364175137132406,102568.1015625,0.0028132812585681677,27.164419174194336
0.002704448299482465,105284.984375,0.002252100268378854,27.280059814453125
0.0025629508309066296,109000.296875,0.002821352332830429,59.24552536010742
0.0028187460266053677,135763.84375,0.002604534151032567,26.502586364746094
0.0027016494423151016,95147.5625,0.002641181228682399,26.90654754638672
0.002733946545049548,111002.4375,0.0027762672398239374,26.868871688842773
0.00273501081392169,110101.3359375,0.0023696315474808216,35.39372253417969
0.002739835297688842,107420.7578125,0.0023123857099562883,28.560691833496094
0.002674475312232971,122118.2890625,0.002462975913658738,34.76807403564453
0.002707088366150856,98635.109375,0.0023787745740264654,36.808509826660156
0.0026355974841862917,113902.3828125,0.0024597211740911007,29.385480880737305
0.0027314680628478527,101540.7578125,0.0028124398086220026,27.19900894165039
0.00266239233314991,119336.1171875,0.0023648475762456656,29.316667556762695
0.002590236719697714,129534.7890625,0.002266598166897893,33.23896789550781
0.0026943536940962076,139460.96875,0.0023724623024463654,33.401268005371094
0.0026677590794861317,113633.1015625,0.002188808051869273,29.10460090637207
0.002667298773303628,109315.6171875,0.0025816462002694607,26.274391174316406
0.002656732453033328,107751.7109375,0.002263918286189437,26.456493377685547
0.0026724908966571093,121953.25,0.002579612424597144,33.76451110839844
0.0026312528643757105,147038.71875,0.002370741916820407,39.01716995239258
0.0026686417404562235,115450.4375,0.0022649539168924093,31.109243392944336
0.0026083416305482388,134035.5625,0.0023430390283465385,39.736270904541016
0.0026850630529224873,102379.7109375,0.00243236031383276,27.310325622558594
0.0027078050188720226,113996.421875,0.002360319485887885,32.06271743774414
0.0027107037603855133,137810.53125,0.0024803737178444862,26.793163299560547
0.0027114180848002434,100370.40625,0.0025467476807534695,28.61477279663086
0.0027572643011808395,97885.4375,0.002358481287956238,26.52518653869629
0.0026436359621584415,158985.078125,0.0022265943698585033,28.183122634887695
0.0026647208724170923,131242.96875,0.002326623070985079,27.217470169067383
0.002722823293879628,117921.765625,0.0023343011271208525,29.372207641601562
0.0026152506470680237,99810.21875,0.0027703121304512024,26.474964141845703
0.0026347809471189976,116886.421875,0.0023364503867924213,29.658809661865234
0.002641754923388362,115394.59375,0.0024370518513023853,27.186012268066406
0.0026550679467618465,126245.4296875,0.0022398054134100676,27.081579208374023
0.002629439812153578,112070.7578125,0.002242226153612137,26.40474510192871
0.0026853587478399277,91667.2421875,0.00222385092638433,27.934343338012695
0.002639742335304618,88877.25,0.0024311512243002653,26.371835708618164
0.002682347083464265,122004.84375,0.0022734375670552254,26.937013626098633
0.002625995082780719,116820.15625,0.0022932160645723343,36.360538482666016
0.0026683311443775892,132644.9375,0.00223496719263494,27.992570877075195
0.002570798620581627,105110.3671875,0.0024263188242912292,39.0649528503418
0.0026627343613654375,112241.625,0.002369428053498268,26.889921188354492
0.0026781600899994373,93540.84375,0.0024716737680137157,26.57987403869629
0.0026055562775582075,110552.203125,0.00268152286298573,40.6668815612793
0.002713519847020507,110975.9296875,0.002413918264210224,36.82025909423828
0.002730251755565405,122528.3828125,0.002478375332430005,26.370128631591797
0.0026351050473749638,89569.484375,0.0026182401925325394,26.196062088012695
0.0026150706689804792,126328.3046875,0.0024067917838692665,26.203020095825195
0.0026344996877014637,108240.4140625,0.002182223368436098,32.481163024902344
0.002599595347419381,121498.0234375,0.0025487139355391264,40.97309875488281
0.0026585478335618973,103412.0859375,0.002306372160091996,35.61600112915039
0.002594236982986331,135295.234375,0.0022332652006298304,29.407560348510742
0.002714402275159955,92010.4765625,0.002460770308971405,26.52487564086914
0.0026893680915236473,109630.171875,0.0023697903379797935,42.3305549621582
0.002656482858583331,119366.40625,0.002427584957331419,38.861610412597656
0.0026662307791411877,123935.625,0.0022168720606714487,36.77607727050781
0.0025986365508288145,104198.84375,0.002338723512366414,26.51466178894043
0.0025699292309582233,115279.328125,0.002184211043640971,31.032697677612305
0.0025464205536991358,126229.5390625,0.0027914741076529026,26.4516658782959
0.0026192395016551018,121931.5625,0.002845912240445614,26.21144676208496
0.0026694422122091055,111237.1484375,0.002694813534617424,27.926538467407227
0.002627322683110833,100994.28125,0.0022994251921772957,26.56730079650879
0.0025667138397693634,109177.890625,0.002226664684712887,27.244802474975586
0.0025846422649919987,119191.6484375,0.0023957788944244385,26.262874603271484
0.0026357260067015886,122939.0,0.0025419765152037144,26.508502960205078
0.0025835984852164984,110678.1796875,0.0021504932083189487,28.997289657592773
0.002613622695207596,101835.3046875,0.0026432655286043882,26.92642593383789
0.0026866428088396788,113605.6484375,0.002396189607679844,26.005294799804688
0.0027057151310145855,118247.7109375,0.00221768906340003,37.15744400024414
0.0025482799392193556,131065.84375,0.0025499858893454075,45.063941955566406
0.0025641496758908033,100373.0234375,0.0021862864959985018,28.28701400756836
0.0026064112316817045,126280.875,0.0022911825217306614,26.968584060668945
0.0026328761596232653,146752.96875,0.0023237348068505526,29.411165237426758
0.0025982391089200974,126941.84375,0.0023016594350337982,31.10388946533203
0.0025202170945703983,94423.421875,0.002490329323336482,51.264610290527344
0.0026305208448320627,107090.90625,0.0027274135500192642,26.290468215942383
0.002705780789256096,105067.8203125,0.0025848846416920424,48.115901947021484
0.0026236192788928747,116159.7265625,0.002258910797536373,27.36260414123535
0.0025716926902532578,109038.0078125,0.0022469274699687958,26.47957992553711
0.0025573389139026403,115979.1875,0.002552315592765808,50.14402770996094
0.0026368664111942053,139296.96875,0.0026589366607367992,26.271804809570312
0.0026113500352948904,106639.78125,0.0021933650132268667,26.527713775634766
0.0025894795544445515,133516.796875,0.0021460503339767456,28.880823135375977
0.0025996083859354258,131175.625,0.0022914728615432978,31.461652755737305
0.0026052037719637156,106960.0703125,0.002593555022031069,27.563262939453125
0.0026714899577200413,124645.4765625,0.0023647183552384377,26.081697463989258
0.0026500378735363483,124921.5390625,0.0029494648333638906,28.103790283203125
0.0026875592302531004,120929.578125,0.002298245206475258,25.993314743041992
0.0025297452230006456,134111.234375,0.0023949185851961374,32.456687927246094
0.002539676846936345,114760.375,0.0021432824432849884,27.243528366088867
0.0026367504615336657,114246.5625,0.002356949495151639,35.76490783691406
0.0025126952677965164,128638.8984375,0.002491968683898449,26.307355880737305
0.0025917685125023127,123349.2421875,0.0022446729708462954,26.066049575805664
0.00256712781265378,100567.703125,0.002883319975808263,28.006311416625977
0.0026530111208558083,100083.3515625,0.0024394390638917685,25.93971824645996
0.0026400252245366573,91806.2890625,0.0023409121204167604,34.17215347290039
0.0025669254828244448,110503.640625,0.0021547686774283648,25.97795867919922
0.0025092102587223053,94941.875,0.0023633737582713366,45.08415985107422
0.0025807321071624756,95462.3671875,0.002481119940057397,35.94424057006836
0.0025317624676972628,90137.9765625,0.003071618266403675,26.559202194213867
0.0026976908557116985,97757.1328125,0.00255857827141881,26.057228088378906
0.0026095800567418337,117839.984375,0.0022968249395489693,26.47579002380371
0.0025108549743890762,119917.625,0.0023889155127108097,26.34126091003418
0.0025746296159923077,126851.046875,0.002214278792962432,26.121606826782227
0.0025874378625303507,104378.453125,0.002544891322031617,46.349403381347656
0.002558267442509532,104246.1484375,0.0022492739371955395,26.729141235351562
0.0026013150345534086,107932.375,0.002340990351513028,40.156368255615234
0.0025169081054627895,109719.671875,0.0022535824682563543,31.88272476196289
0.0025317533873021603,117665.0625,0.0027554344851523638,26.10797691345215
0.0025802531745284796,113675.6171875,0.002165804151445627,26.43136978149414
0.0025757639668881893,104394.2578125,0.002598365070298314,26.401206970214844
0.002599054714664817,105485.8515625,0.0029243899043649435,47.130001068115234
0.002584930742159486,133277.796875,0.0021887514740228653,26.041051864624023
0.0025341513101011515,83592.6875,0.002336306730285287,30.32296371459961
0.002548754448071122,115200.953125,0.0023315639700740576,26.1466064453125
0.0026553827337920666,139553.109375,0.0025561312213540077,33.05904769897461
0.0025669329334050417,107145.5859375,0.0022775998804718256,27.16677474975586
0.0025846632197499275,94724.6171875,0.002141438191756606,26.69969940185547
0.0025562369264662266,107106.71875,0.002139665186405182,32.03895568847656
0.0025546045508235693,108302.90625,0.0021825346630066633,29.744497299194336
0.0026235408149659634,108245.515625,0.0025192280299961567,25.92374610900879
0.0025687189772725105,122949.0234375,0.002308886032551527,30.761079788208008
0.0026258418802171946,108689.0703125,0.0022255461663007736,26.637765884399414
0.0025613291654735804,123934.765625,0.002630876377224922,27.169836044311523
0.0026381551288068295,126303.5390625,0.0022954149171710014,30.633825302124023
0.0025243705604225397,97244.1328125,0.0022514178417623043,26.347911834716797
0.002496293978765607,119519.546875,0.0024319509975612164,26.512184143066406
0.002547096461057663,90915.1640625,0.002469938015565276,28.712215423583984
0.0026176334358751774,126904.1015625,0.002450743690133095,39.175350189208984
0.0025597629137337208,95952.609375,0.0021835695952177048,31.31390953063965
0.0024663296062499285,98145.7421875,0.0024076078552752733,26.226070404052734
0.0025289063341915607,124172.6875,0.0028283512219786644,27.60975456237793
0.002592260017991066,107299.6484375,0.002309768693521619,26.380475997924805
0.002543794922530651,104334.953125,0.0024338229559361935,29.470788955688477
0.0025761094875633717,105254.9375,0.0022044898942112923,29.792407989501953
0.002511907834559679,135673.6875,0.0025990931317210197,30.972999572753906
0.0025727488100528717,104648.6953125,0.002322769956663251,40.63947296142578
0.0025933736469596624,143833.53125,0.0022892425768077374,25.857749938964844
0.002462196396663785,101969.390625,0.0024273174349218607,36.85771179199219
0.002472236519679427,154433.046875,0.0021676053293049335,34.96063995361328
0.0025379268918186426,106342.96875,0.0023217503912746906,26.09807777404785
0.0025503267534077168,100732.3984375,0.00216002413071692,32.807098388671875
0.002581216162070632,90575.84375,0.0022425667848438025,26.68129539489746
0.0025549037382006645,108787.109375,0.002301754429936409,35.37577438354492
0.0026020545046776533,110449.1953125,0.0022301990538835526,30.29599952697754
0.002634280826896429,116808.3203125,0.002265605377033353,37.879371643066406
0.002580476924777031,106508.546875,0.002151485998183489,25.849912643432617
0.0026177780237048864,105436.0703125,0.0027280121576040983,25.860538482666016
0.0025447949301451445,109014.546875,0.002448215615004301,26.900766372680664
0.002536024432629347,107400.8515625,0.0023413151502609253,29.345571517944336
0.0025231516920030117,100736.6484375,0.002102253492921591,25.869579315185547
0.002472634892910719,116330.8671875,0.0022224425338208675,27.68947982788086
0.002521779388189316,95307.515625,0.0023576717358082533,25.666175842285156
0.002495537744835019,135118.171875,0.0020904126577079296,36.94676971435547
0.002500354079529643,111756.1328125,0.002243801485747099,31.542789459228516
0.0025187113787978888,110907.078125,0.002501576906070113,32.481346130371094
0.0025399241130799055,128382.359375,0.0021966537460684776,25.74665069580078
0.0024687612894922495,106847.8203125,0.002141534350812435,28.355253219604492
0.0025545998942106962,121552.2890625,0.0021694479510188103,26.18074607849121
0.0025384153705090284,105386.8828125,0.002152755856513977,25.48188018798828
0.0025176010094583035,109484.3984375,0.0027650033589452505,26.47576141357422
0.002614313270896673,102318.171875,0.0022982056252658367,25.551565170288086
0.002481540897861123,93396.765625,0.002321249572560191,25.714115142822266
0.0025187444407492876,105408.546875,0.002238231711089611,26.704689025878906
0.0025563351809978485,95437.8046875,0.002120970981195569,27.376060485839844
0.002521143527701497,100069.578125,0.0021042940206825733,28.339885711669922
0.002509959740564227,121028.0,0.002482442883774638,32.0966911315918
0.002552138641476631,92234.765625,0.0025169826112687588,26.825136184692383
0.002607732079923153,90714.78125,0.002275576116517186,40.802330017089844
0.002584948902949691,116808.5703125,0.002257221844047308,26.141305923461914
0.0025481584016233683,115035.828125,0.0026538337115198374,25.99402618408203
0.0024984884075820446,96836.1015625,0.002148976782336831,33.17800521850586
0.002498681889846921,124623.5625,0.0024153427220880985,31.226974487304688
0.0025073804426938295,108169.546875,0.0023743228521198034,42.347312927246094
0.0024998479057103395,101368.3125,0.0027188255917280912,55.241668701171875
0.002538683358579874,115077.625,0.0022536751348525286,34.499176025390625
0.0024942129384726286,126320.1953125,0.002223710063844919,26.018552780151367
0.002533010905608535,114405.8359375,0.002228529192507267,25.84073257446289
